MSN;Datum
12000;06.06.2026
12001;07.06.2026
12002;07.06.2026
12003;08.06.2026
12004;09.06.2026
12005;10.06.2026
12006;12.06.2026
12007;13.06.2026
12008;13.06.2026
12009;14.06.2026
12010;16.06.2026
12011;19.06.2026
12012;19.06.2026
12013;21.06.2026
12014;22.06.2026
12015;22.06.2026
12016;22.06.2026
12017;22.06.2026
12018;24.06.2026
12019;26.06.2026
12020;26.06.2026
12021;28.06.2026
12022;28.06.2026
12023;28.06.2026
12024;29.06.2026
12025;29.06.2026
12026;29.06.2026
12027;30.06.2026
12028;02.07.2026
12029;02.07.2026
12030;02.07.2026
12031;03.07.2026
12032;06.07.2026
12033;07.07.2026
12034;07.07.2026
12035;07.07.2026
12036;07.07.2026
12037;09.07.2026
12038;09.07.2026
12039;10.07.2026
12040;11.07.2026
12041;12.07.2026
12042;13.07.2026
12043;14.07.2026
12044;14.07.2026
12045;15.07.2026
12046;16.07.2026
12047;16.07.2026
12048;17.07.2026
12049;20.07.2026
12050;21.07.2026
12051;22.07.2026
12052;22.07.2026
12053;23.07.2026
12054;23.07.2026
12055;25.07.2026
12056;25.07.2026
12057;26.07.2026
12058;29.07.2026
12059;29.07.2026
12060;30.07.2026
12061;01.08.2026
12062;02.08.2026
12063;03.08.2026
12064;03.08.2026
12065;03.08.2026
12066;06.08.2026
12067;09.08.2026
12068;09.08.2026
12069;11.08.2026
12070;13.08.2026
12071;15.08.2026
12072;17.08.2026
12073;18.08.2026
12074;21.08.2026
12075;22.08.2026
12076;22.08.2026
12077;22.08.2026
12078;24.08.2026
12079;26.08.2026
12080;26.08.2026
12081;27.08.2026
12082;28.08.2026
12083;30.08.2026
12084;31.08.2026
12085;31.08.2026
12086;01.09.2026
12087;02.09.2026
12088;03.09.2026
12089;06.09.2026
12090;06.09.2026
12091;07.09.2026
12092;08.09.2026
12093;09.09.2026
12094;09.09.2026
12095;10.09.2026
12096;11.09.2026
12097;11.09.2026
12098;12.09.2026
12099;13.09.2026
12100;14.09.2026
12101;15.09.2026
12102;15.09.2026
12103;15.09.2026
12104;17.09.2026
12105;17.09.2026
12106;17.09.2026
12107;18.09.2026
12108;18.09.2026
12109;19.09.2026
12110;21.09.2026
12111;22.09.2026
12112;25.09.2026
12113;26.09.2026
12114;26.09.2026
12115;27.09.2026
12116;30.09.2026
12117;02.10.2026
12118;02.10.2026
12119;02.10.2026
12120;04.10.2026
12121;07.10.2026
12122;07.10.2026
12123;08.10.2026
12124;08.10.2026
12125;10.10.2026
12126;11.10.2026
12127;12.10.2026
12128;13.10.2026
12129;15.10.2026
12130;15.10.2026
12131;20.10.2026
12132;22.10.2026
12133;23.10.2026
12134;23.10.2026
12135;26.10.2026
12136;26.10.2026
12137;28.10.2026
12138;28.10.2026
12139;30.10.2026
12140;30.10.2026
12141;31.10.2026
12142;31.10.2026
12143;31.10.2026
12144;03.11.2026
12145;05.11.2026
12146;07.11.2026
12147;09.11.2026
12148;10.11.2026
12149;13.11.2026
12150;17.11.2026
12151;17.11.2026
12152;18.11.2026
12153;19.11.2026
12154;19.11.2026
12155;20.11.2026
12156;20.11.2026
12157;21.11.2026
12158;22.11.2026
12159;22.11.2026
12160;22.11.2026
12161;24.11.2026
12162;25.11.2026
12163;26.11.2026
12164;27.11.2026
12165;27.11.2026
12166;27.11.2026
12167;28.11.2026
12168;28.11.2026
12169;29.11.2026
12170;01.12.2026
12171;01.12.2026
12172;03.12.2026
12173;05.12.2026
12174;07.12.2026
12175;09.12.2026
12176;11.12.2026
12177;13.12.2026
12178;14.12.2026
12179;15.12.2026
12180;16.12.2026
12181;16.12.2026
12182;16.12.2026
12183;16.12.2026
12184;17.12.2026
12185;17.12.2026
12186;17.12.2026
12187;18.12.2026
12188;19.12.2026
12189;20.12.2026
12190;21.12.2026
12191;22.12.2026
12192;24.12.2026
12193;24.12.2026
12194;25.12.2026
12195;25.12.2026
12196;25.12.2026
12197;26.12.2026
12198;27.12.2026
12199;29.12.2026
12200;29.12.2026
12201;31.12.2026
12202;31.12.2026
12203;31.12.2026
12204;01.01.2027
12205;03.01.2027
12206;05.01.2027
12207;06.01.2027
12208;07.01.2027
12209;07.01.2027
12210;08.01.2027
12211;08.01.2027
12212;09.01.2027
12213;09.01.2027
12214;09.01.2027
12215;10.01.2027
12216;11.01.2027
12217;11.01.2027
12218;13.01.2027
12219;15.01.2027
12220;16.01.2027
12221;16.01.2027
12222;17.01.2027
12223;17.01.2027
12224;18.01.2027
12225;21.01.2027
12226;21.01.2027
12227;21.01.2027
12228;25.01.2027
12229;26.01.2027
12230;27.01.2027
12231;28.01.2027
12232;31.01.2027
12233;01.02.2027
12234;03.02.2027
12235;04.02.2027
12236;08.02.2027
12237;08.02.2027
12238;10.02.2027
12239;11.02.2027
12240;12.02.2027
12241;13.02.2027
12242;13.02.2027
12243;14.02.2027
12244;14.02.2027
12245;14.02.2027
12246;16.02.2027
12247;18.02.2027
12248;18.02.2027
12249;19.02.2027
12250;19.02.2027
12251;20.02.2027
12252;22.02.2027
12253;22.02.2027
12254;22.02.2027
12255;24.02.2027
12256;26.02.2027
12257;28.02.2027
12258;01.03.2027
12259;03.03.2027
12260;03.03.2027
12261;03.03.2027
12262;06.03.2027
12263;06.03.2027
12264;07.03.2027
12265;08.03.2027
12266;09.03.2027
12267;10.03.2027
12268;11.03.2027
12269;12.03.2027
12270;12.03.2027
12271;12.03.2027
12272;14.03.2027
12273;15.03.2027
12274;16.03.2027
12275;17.03.2027
12276;18.03.2027
12277;20.03.2027
12278;22.03.2027
12279;26.03.2027
12280;28.03.2027
12281;29.03.2027
12282;31.03.2027
12283;01.04.2027
12284;01.04.2027
12285;01.04.2027
12286;01.04.2027
12287;02.04.2027
12288;03.04.2027
12289;04.04.2027
12290;06.04.2027
12291;06.04.2027
12292;14.04.2027
12293;15.04.2027
12294;18.04.2027
12295;19.04.2027
12296;21.04.2027
12297;22.04.2027
12298;22.04.2027
12299;22.04.2027
12300;23.04.2027
12301;23.04.2027
12302;25.04.2027
12303;25.04.2027
12304;26.04.2027
12305;26.04.2027
12306;26.04.2027
12307;27.04.2027
12308;27.04.2027
12309;29.04.2027
12310;29.04.2027
12311;02.05.2027
12312;03.05.2027
12313;04.05.2027
12314;07.05.2027
12315;08.05.2027
12316;08.05.2027
12317;08.05.2027
12318;09.05.2027
12319;11.05.2027
12320;11.05.2027
12321;11.05.2027
12322;14.05.2027
12323;16.05.2027
12324;17.05.2027
12325;18.05.2027
12326;18.05.2027
12327;20.05.2027
12328;21.05.2027
12329;24.05.2027
12330;24.05.2027
12331;25.05.2027
12332;25.05.2027
12333;26.05.2027
12334;28.05.2027
12335;29.05.2027
12336;30.05.2027
12337;31.05.2027
12338;01.06.2027
12339;03.06.2027
12340;03.06.2027
12341;04.06.2027
12342;04.06.2027
12343;06.06.2027
12344;07.06.2027
12345;08.06.2027
12346;08.06.2027
12347;09.06.2027
12348;10.06.2027
12349;10.06.2027
12350;10.06.2027
12351;11.06.2027
12352;12.06.2027
12353;14.06.2027
12354;15.06.2027
12355;17.06.2027
12356;18.06.2027
12357;20.06.2027
12358;21.06.2027
12359;22.06.2027
12360;27.06.2027
12361;30.06.2027
12362;30.06.2027
12363;04.07.2027
12364;04.07.2027
12365;05.07.2027
12366;06.07.2027
12367;07.07.2027
12368;08.07.2027
12369;08.07.2027
12370;08.07.2027
12371;10.07.2027
12372;10.07.2027
12373;10.07.2027
12374;11.07.2027
12375;12.07.2027
12376;14.07.2027
12377;16.07.2027
12378;18.07.2027
12379;19.07.2027
12380;19.07.2027
12381;20.07.2027
12382;25.07.2027
12383;25.07.2027
12384;27.07.2027
12385;27.07.2027
12386;29.07.2027
12387;31.07.2027
12388;31.07.2027
12389;03.08.2027
12390;03.08.2027
12391;04.08.2027
12392;04.08.2027
12393;05.08.2027
12394;07.08.2027
12395;07.08.2027
12396;08.08.2027
12397;09.08.2027
12398;09.08.2027
12399;09.08.2027
12400;12.08.2027
12401;14.08.2027
12402;15.08.2027
12403;15.08.2027
12404;15.08.2027
12405;16.08.2027
12406;16.08.2027
12407;16.08.2027
12408;17.08.2027
12409;19.08.2027
12410;19.08.2027
12411;23.08.2027
12412;23.08.2027
12413;24.08.2027
12414;24.08.2027
12415;24.08.2027
12416;25.08.2027
12417;26.08.2027
12418;27.08.2027
12419;27.08.2027
12420;28.08.2027
12421;30.08.2027
12422;30.08.2027
12423;02.09.2027
12424;04.09.2027
12425;04.09.2027
12426;06.09.2027
12427;07.09.2027
12428;07.09.2027
12429;07.09.2027
12430;08.09.2027
12431;09.09.2027
12432;14.09.2027
12433;14.09.2027
12434;14.09.2027
12435;14.09.2027
12436;15.09.2027
12437;15.09.2027
12438;15.09.2027
12439;15.09.2027
12440;17.09.2027
12441;17.09.2027
12442;19.09.2027
12443;19.09.2027
12444;20.09.2027
12445;20.09.2027
12446;23.09.2027
12447;23.09.2027
12448;24.09.2027
12449;27.09.2027
12450;28.09.2027
12451;28.09.2027
12452;28.09.2027
12453;01.10.2027
12454;03.10.2027
12455;04.10.2027
12456;04.10.2027
12457;04.10.2027
12458;05.10.2027
12459;06.10.2027
12460;06.10.2027
12461;08.10.2027
12462;12.10.2027
12463;14.10.2027
12464;14.10.2027
12465;15.10.2027
12466;15.10.2027
12467;15.10.2027
12468;15.10.2027
12469;15.10.2027
12470;15.10.2027
12471;19.10.2027
12472;20.10.2027
12473;22.10.2027
12474;22.10.2027
12475;23.10.2027
12476;24.10.2027
12477;26.10.2027
12478;26.10.2027
12479;27.10.2027
12480;28.10.2027
12481;28.10.2027
12482;29.10.2027
12483;29.10.2027
12484;29.10.2027
12485;03.11.2027
12486;03.11.2027
12487;03.11.2027
12488;05.11.2027
12489;05.11.2027
12490;06.11.2027
12491;07.11.2027
12492;08.11.2027
12493;10.11.2027
12494;11.11.2027
12495;12.11.2027
12496;12.11.2027
12497;13.11.2027
12498;14.11.2027
12499;15.11.2027
12500;15.11.2027
12501;16.11.2027
12502;17.11.2027
12503;18.11.2027
12504;19.11.2027
12505;21.11.2027
12506;21.11.2027
12507;21.11.2027
12508;25.11.2027
12509;28.11.2027
12510;29.11.2027
12511;30.11.2027
12512;30.11.2027
12513;30.11.2027
12514;30.11.2027
